topic,chi2,p_value,cramers_v,cosine_sim,n_values,low_expected_cells
other,14.504063124131623,0.9344347678851511,0.17511133953845073,0.9654709115486836,964,True
education,28.554713487991883,0.28295696950264076,0.2695520432879184,0.9457342608398728,679,True
coding,23.078321841084936,0.3973183301945668,0.2597700391106461,0.964092284593444,658,True
ethical_dilemmas,19.546854962145048,0.7222318496343365,0.17449015611999563,0.9697066323806663,1310,True
general_knowledge,10.465057823901276,0.9923453998665795,0.1597639861727542,0.9842929631718897,832,True
personal_relationships,12.496224183517798,0.9820984411414566,0.14780577044006354,0.9955929069080375,1128,True
professional_advice,24.631195079464256,0.2634903660227145,0.26836735688985636,0.8973250486476845,697,True
creative_writing,21.41769903146785,0.5555954225873114,0.21864895131128906,0.9141797576208222,872,True
