comparison,chi2_statistic,p_value,p_value_holm,significant_holm,cramers_v,cosine_similarity,low_expected_cells
5a: Alignment vs Unfiltered,28.21771942030916,0.29792830393208763,0.8937849117962628,False,0.08826463556746755,0.9884841110386442,False
5b: Misalignment vs Unfiltered,21.33620212349089,0.6737210465694929,1.0,False,0.07667699322856501,0.9915285146693329,True
5c: Filtered vs Unfiltered,21.114138887607346,0.686228191953689,1.0,False,0.07803865328711691,0.9942769600130367,True
